Year,OBS_STATUS,UNIT_MULT,COMMENT_OBS,SOURCE_DETAIL,SERIES,REF_AREA,COMPOSITE_BREAKDOWN,UNIT_MEASURE,DATA_LAST_UPDATE,TIME_DETAIL,Value
2000,A,0,Year-end value for installed capacity (watts) and mid-year for population,Renewable electricity generating capacity from IRENA's electricity capacity database. Population data from the United Nations World Population Prospects.,EG_EGY_RNEW,204,None,W_PER_CAPITA,2025-03-11T00:00:00,2023,0.06924
2001,A,0,Year-end value for installed capacity (watts) and mid-year for population,Renewable electricity generating capacity from IRENA's electricity capacity database. Population data from the United Nations World Population Prospects.,EG_EGY_RNEW,204,None,W_PER_CAPITA,2025-03-11T00:00:00,2023,0.06715
2002,A,0,Year-end value for installed capacity (watts) and mid-year for population,Renewable electricity generating capacity from IRENA's electricity capacity database. Population data from the United Nations World Population Prospects.,EG_EGY_RNEW,204,None,W_PER_CAPITA,2025-03-11T00:00:00,2023,0.06514
2003,A,0,Year-end value for installed capacity (watts) and mid-year for population,Renewable electricity generating capacity from IRENA's electricity capacity database. Population data from the United Nations World Population Prospects.,EG_EGY_RNEW,204,None,W_PER_CAPITA,2025-03-11T00:00:00,2023,0.06319
2004,A,0,Year-end value for installed capacity (watts) and mid-year for population,Renewable electricity generating capacity from IRENA's electricity capacity database. Population data from the United Nations World Population Prospects.,EG_EGY_RNEW,204,None,W_PER_CAPITA,2025-03-11T00:00:00,2023,0.06128
2005,A,0,Year-end value for installed capacity (watts) and mid-year for population,Renewable electricity generating capacity from IRENA's electricity capacity database. Population data from the United Nations World Population Prospects.,EG_EGY_RNEW,204,None,W_PER_CAPITA,2025-03-11T00:00:00,2023,0.05934
2006,A,0,Year-end value for installed capacity (watts) and mid-year for population,Renewable electricity generating capacity from IRENA's electricity capacity database. Population data from the United Nations World Population Prospects.,EG_EGY_RNEW,204,None,W_PER_CAPITA,2025-03-11T00:00:00,2023,0.05752
2007,A,0,Year-end value for installed capacity (watts) and mid-year for population,Renewable electricity generating capacity from IRENA's electricity capacity database. Population data from the United Nations World Population Prospects.,EG_EGY_RNEW,204,None,W_PER_CAPITA,2025-03-11T00:00:00,2023,0.05584
2008,A,0,Year-end value for installed capacity (watts) and mid-year for population,Renewable electricity generating capacity from IRENA's electricity capacity database. Population data from the United Nations World Population Prospects.,EG_EGY_RNEW,204,None,W_PER_CAPITA,2025-03-11T00:00:00,2023,0.05418
2009,A,0,Year-end value for installed capacity (watts) and mid-year for population,Renewable electricity generating capacity from IRENA's electricity capacity database. Population data from the United Nations World Population Prospects.,EG_EGY_RNEW,204,None,W_PER_CAPITA,2025-03-11T00:00:00,2023,0.05258
2010,A,0,Year-end value for installed capacity (watts) and mid-year for population,Renewable electricity generating capacity from IRENA's electricity capacity database. Population data from the United Nations World Population Prospects.,EG_EGY_RNEW,204,None,W_PER_CAPITA,2025-03-11T00:00:00,2023,0.05103
2011,A,0,Year-end value for installed capacity (watts) and mid-year for population,Renewable electricity generating capacity from IRENA's electricity capacity database. Population data from the United Nations World Population Prospects.,EG_EGY_RNEW,204,None,W_PER_CAPITA,2025-03-11T00:00:00,2023,0.04954
2012,A,0,Year-end value for installed capacity (watts) and mid-year for population,Renewable electricity generating capacity from IRENA's electricity capacity database. Population data from the United Nations World Population Prospects.,EG_EGY_RNEW,204,None,W_PER_CAPITA,2025-03-11T00:00:00,2023,0.04809
2013,A,0,Year-end value for installed capacity (watts) and mid-year for population,Renewable electricity generating capacity from IRENA's electricity capacity database. Population data from the United Nations World Population Prospects.,EG_EGY_RNEW,204,None,W_PER_CAPITA,2025-03-11T00:00:00,2023,0.04669
2014,A,0,Year-end value for installed capacity (watts) and mid-year for population,Renewable electricity generating capacity from IRENA's electricity capacity database. Population data from the United Nations World Population Prospects.,EG_EGY_RNEW,204,None,W_PER_CAPITA,2025-03-11T00:00:00,2023,0.068
2015,A,0,Year-end value for installed capacity (watts) and mid-year for population,Renewable electricity generating capacity from IRENA's electricity capacity database. Population data from the United Nations World Population Prospects.,EG_EGY_RNEW,204,None,W_PER_CAPITA,2025-03-11T00:00:00,2023,0.17041
2016,A,0,Year-end value for installed capacity (watts) and mid-year for population,Renewable electricity generating capacity from IRENA's electricity capacity database. Population data from the United Nations World Population Prospects.,EG_EGY_RNEW,204,None,W_PER_CAPITA,2025-03-11T00:00:00,2023,0.23038
2017,A,0,Year-end value for installed capacity (watts) and mid-year for population,Renewable electricity generating capacity from IRENA's electricity capacity database. Population data from the United Nations World Population Prospects.,EG_EGY_RNEW,204,None,W_PER_CAPITA,2025-03-11T00:00:00,2023,0.24386
2018,A,0,Year-end value for installed capacity (watts) and mid-year for population,Renewable electricity generating capacity from IRENA's electricity capacity database. Population data from the United Nations World Population Prospects.,EG_EGY_RNEW,204,None,W_PER_CAPITA,2025-03-11T00:00:00,2023,0.24912
2019,A,0,Year-end value for installed capacity (watts) and mid-year for population,Renewable electricity generating capacity from IRENA's electricity capacity database. Population data from the United Nations World Population Prospects.,EG_EGY_RNEW,204,None,W_PER_CAPITA,2025-03-11T00:00:00,2023,0.33834
2020,A,0,Year-end value for installed capacity (watts) and mid-year for population,Renewable electricity generating capacity from IRENA's electricity capacity database. Population data from the United Nations World Population Prospects.,EG_EGY_RNEW,204,None,W_PER_CAPITA,2025-03-11T00:00:00,2023,0.4091
2021,A,0,Year-end value for installed capacity (watts) and mid-year for population,Renewable electricity generating capacity from IRENA's electricity capacity database. Population data from the United Nations World Population Prospects.,EG_EGY_RNEW,204,None,W_PER_CAPITA,2025-03-11T00:00:00,2023,0.48578
2022,A,0,Year-end value for installed capacity (watts) and mid-year for population,Renewable electricity generating capacity from IRENA's electricity capacity database. Population data from the United Nations World Population Prospects.,EG_EGY_RNEW,204,None,W_PER_CAPITA,2025-03-11T00:00:00,2023,2.46244
2023,A,0,Year-end value for installed capacity (watts) and mid-year for population,Renewable electricity generating capacity from IRENA's electricity capacity database. Population data from the United Nations World Population Prospects.,EG_EGY_RNEW,204,None,W_PER_CAPITA,2025-03-11T00:00:00,2023,2.4011
2000,A,0,Year-end value for installed capacity (watts) and mid-year for population,Renewable electricity generating capacity from IRENA's electricity capacity database. Population data from the United Nations World Population Prospects.,EG_EGY_RNEW,204,TRT_BIOENERGY,W_PER_CAPITA,2025-03-11T00:00:00,2023,0.0
2001,A,0,Year-end value for installed capacity (watts) and mid-year for population,Renewable electricity generating capacity from IRENA's electricity capacity database. Population data from the United Nations World Population Prospects.,EG_EGY_RNEW,204,TRT_BIOENERGY,W_PER_CAPITA,2025-03-11T00:00:00,2023,0.0
2002,A,0,Year-end value for installed capacity (watts) and mid-year for population,Renewable electricity generating capacity from IRENA's electricity capacity database. Population data from the United Nations World Population Prospects.,EG_EGY_RNEW,204,TRT_BIOENERGY,W_PER_CAPITA,2025-03-11T00:00:00,2023,0.0
2003,A,0,Year-end value for installed capacity (watts) and mid-year for population,Renewable electricity generating capacity from IRENA's electricity capacity database. Population data from the United Nations World Population Prospects.,EG_EGY_RNEW,204,TRT_BIOENERGY,W_PER_CAPITA,2025-03-11T00:00:00,2023,0.0
2004,A,0,Year-end value for installed capacity (watts) and mid-year for population,Renewable electricity generating capacity from IRENA's electricity capacity database. Population data from the United Nations World Population Prospects.,EG_EGY_RNEW,204,TRT_BIOENERGY,W_PER_CAPITA,2025-03-11T00:00:00,2023,0.0
2005,A,0,Year-end value for installed capacity (watts) and mid-year for population,Renewable electricity generating capacity from IRENA's electricity capacity database. Population data from the United Nations World Population Prospects.,EG_EGY_RNEW,204,TRT_BIOENERGY,W_PER_CAPITA,2025-03-11T00:00:00,2023,0.0
2006,A,0,Year-end value for installed capacity (watts) and mid-year for population,Renewable electricity generating capacity from IRENA's electricity capacity database. Population data from the United Nations World Population Prospects.,EG_EGY_RNEW,204,TRT_BIOENERGY,W_PER_CAPITA,2025-03-11T00:00:00,2023,0.0
2007,A,0,Year-end value for installed capacity (watts) and mid-year for population,Renewable electricity generating capacity from IRENA's electricity capacity database. Population data from the United Nations World Population Prospects.,EG_EGY_RNEW,204,TRT_BIOENERGY,W_PER_CAPITA,2025-03-11T00:00:00,2023,0.0
2008,A,0,Year-end value for installed capacity (watts) and mid-year for population,Renewable electricity generating capacity from IRENA's electricity capacity database. Population data from the United Nations World Population Prospects.,EG_EGY_RNEW,204,TRT_BIOENERGY,W_PER_CAPITA,2025-03-11T00:00:00,2023,0.0
2009,A,0,Year-end value for installed capacity (watts) and mid-year for population,Renewable electricity generating capacity from IRENA's electricity capacity database. Population data from the United Nations World Population Prospects.,EG_EGY_RNEW,204,TRT_BIOENERGY,W_PER_CAPITA,2025-03-11T00:00:00,2023,0.0
2010,A,0,Year-end value for installed capacity (watts) and mid-year for population,Renewable electricity generating capacity from IRENA's electricity capacity database. Population data from the United Nations World Population Prospects.,EG_EGY_RNEW,204,TRT_BIOENERGY,W_PER_CAPITA,2025-03-11T00:00:00,2023,0.0
2011,A,0,Year-end value for installed capacity (watts) and mid-year for population,Renewable electricity generating capacity from IRENA's electricity capacity database. Population data from the United Nations World Population Prospects.,EG_EGY_RNEW,204,TRT_BIOENERGY,W_PER_CAPITA,2025-03-11T00:00:00,2023,0.0
2012,A,0,Year-end value for installed capacity (watts) and mid-year for population,Renewable electricity generating capacity from IRENA's electricity capacity database. Population data from the United Nations World Population Prospects.,EG_EGY_RNEW,204,TRT_BIOENERGY,W_PER_CAPITA,2025-03-11T00:00:00,2023,0.0
2013,A,0,Year-end value for installed capacity (watts) and mid-year for population,Renewable electricity generating capacity from IRENA's electricity capacity database. Population data from the United Nations World Population Prospects.,EG_EGY_RNEW,204,TRT_BIOENERGY,W_PER_CAPITA,2025-03-11T00:00:00,2023,0.0
2014,A,0,Year-end value for installed capacity (watts) and mid-year for population,Renewable electricity generating capacity from IRENA's electricity capacity database. Population data from the United Nations World Population Prospects.,EG_EGY_RNEW,204,TRT_BIOENERGY,W_PER_CAPITA,2025-03-11T00:00:00,2023,0.0
2015,A,0,Year-end value for installed capacity (watts) and mid-year for population,Renewable electricity generating capacity from IRENA's electricity capacity database. Population data from the United Nations World Population Prospects.,EG_EGY_RNEW,204,TRT_BIOENERGY,W_PER_CAPITA,2025-03-11T00:00:00,2023,0.0
2016,A,0,Year-end value for installed capacity (watts) and mid-year for population,Renewable electricity generating capacity from IRENA's electricity capacity database. Population data from the United Nations World Population Prospects.,EG_EGY_RNEW,204,TRT_BIOENERGY,W_PER_CAPITA,2025-03-11T00:00:00,2023,0.0
2017,A,0,Year-end value for installed capacity (watts) and mid-year for population,Renewable electricity generating capacity from IRENA's electricity capacity database. Population data from the United Nations World Population Prospects.,EG_EGY_RNEW,204,TRT_BIOENERGY,W_PER_CAPITA,2025-03-11T00:00:00,2023,0.0
2018,A,0,Year-end value for installed capacity (watts) and mid-year for population,Renewable electricity generating capacity from IRENA's electricity capacity database. Population data from the United Nations World Population Prospects.,EG_EGY_RNEW,204,TRT_BIOENERGY,W_PER_CAPITA,2025-03-11T00:00:00,2023,0.0
2019,A,0,Year-end value for installed capacity (watts) and mid-year for population,Renewable electricity generating capacity from IRENA's electricity capacity database. Population data from the United Nations World Population Prospects.,EG_EGY_RNEW,204,TRT_BIOENERGY,W_PER_CAPITA,2025-03-11T00:00:00,2023,0.0
2020,A,0,Year-end value for installed capacity (watts) and mid-year for population,Renewable electricity generating capacity from IRENA's electricity capacity database. Population data from the United Nations World Population Prospects.,EG_EGY_RNEW,204,TRT_BIOENERGY,W_PER_CAPITA,2025-03-11T00:00:00,2023,0.0
2021,A,0,Year-end value for installed capacity (watts) and mid-year for population,Renewable electricity generating capacity from IRENA's electricity capacity database. Population data from the United Nations World Population Prospects.,EG_EGY_RNEW,204,TRT_BIOENERGY,W_PER_CAPITA,2025-03-11T00:00:00,2023,0.0
2022,A,0,Year-end value for installed capacity (watts) and mid-year for population,Renewable electricity generating capacity from IRENA's electricity capacity database. Population data from the United Nations World Population Prospects.,EG_EGY_RNEW,204,TRT_BIOENERGY,W_PER_CAPITA,2025-03-11T00:00:00,2023,0.0
2023,A,0,Year-end value for installed capacity (watts) and mid-year for population,Renewable electricity generating capacity from IRENA's electricity capacity database. Population data from the United Nations World Population Prospects.,EG_EGY_RNEW,204,TRT_BIOENERGY,W_PER_CAPITA,2025-03-11T00:00:00,2023,0.0
2000,A,0,Year-end value for installed capacity (watts) and mid-year for population,Renewable electricity generating capacity from IRENA's electricity capacity database. Population data from the United Nations World Population Prospects.,EG_EGY_RNEW,204,TRT_GEOTHERMAL,W_PER_CAPITA,2025-03-11T00:00:00,2023,0.0
2001,A,0,Year-end value for installed capacity (watts) and mid-year for population,Renewable electricity generating capacity from IRENA's electricity capacity database. Population data from the United Nations World Population Prospects.,EG_EGY_RNEW,204,TRT_GEOTHERMAL,W_PER_CAPITA,2025-03-11T00:00:00,2023,0.0
2002,A,0,Year-end value for installed capacity (watts) and mid-year for population,Renewable electricity generating capacity from IRENA's electricity capacity database. Population data from the United Nations World Population Prospects.,EG_EGY_RNEW,204,TRT_GEOTHERMAL,W_PER_CAPITA,2025-03-11T00:00:00,2023,0.0
2003,A,0,Year-end value for installed capacity (watts) and mid-year for population,Renewable electricity generating capacity from IRENA's electricity capacity database. Population data from the United Nations World Population Prospects.,EG_EGY_RNEW,204,TRT_GEOTHERMAL,W_PER_CAPITA,2025-03-11T00:00:00,2023,0.0
2004,A,0,Year-end value for installed capacity (watts) and mid-year for population,Renewable electricity generating capacity from IRENA's electricity capacity database. Population data from the United Nations World Population Prospects.,EG_EGY_RNEW,204,TRT_GEOTHERMAL,W_PER_CAPITA,2025-03-11T00:00:00,2023,0.0
2005,A,0,Year-end value for installed capacity (watts) and mid-year for population,Renewable electricity generating capacity from IRENA's electricity capacity database. Population data from the United Nations World Population Prospects.,EG_EGY_RNEW,204,TRT_GEOTHERMAL,W_PER_CAPITA,2025-03-11T00:00:00,2023,0.0
2006,A,0,Year-end value for installed capacity (watts) and mid-year for population,Renewable electricity generating capacity from IRENA's electricity capacity database. Population data from the United Nations World Population Prospects.,EG_EGY_RNEW,204,TRT_GEOTHERMAL,W_PER_CAPITA,2025-03-11T00:00:00,2023,0.0
2007,A,0,Year-end value for installed capacity (watts) and mid-year for population,Renewable electricity generating capacity from IRENA's electricity capacity database. Population data from the United Nations World Population Prospects.,EG_EGY_RNEW,204,TRT_GEOTHERMAL,W_PER_CAPITA,2025-03-11T00:00:00,2023,0.0
2008,A,0,Year-end value for installed capacity (watts) and mid-year for population,Renewable electricity generating capacity from IRENA's electricity capacity database. Population data from the United Nations World Population Prospects.,EG_EGY_RNEW,204,TRT_GEOTHERMAL,W_PER_CAPITA,2025-03-11T00:00:00,2023,0.0
2009,A,0,Year-end value for installed capacity (watts) and mid-year for population,Renewable electricity generating capacity from IRENA's electricity capacity database. Population data from the United Nations World Population Prospects.,EG_EGY_RNEW,204,TRT_GEOTHERMAL,W_PER_CAPITA,2025-03-11T00:00:00,2023,0.0
2010,A,0,Year-end value for installed capacity (watts) and mid-year for population,Renewable electricity generating capacity from IRENA's electricity capacity database. Population data from the United Nations World Population Prospects.,EG_EGY_RNEW,204,TRT_GEOTHERMAL,W_PER_CAPITA,2025-03-11T00:00:00,2023,0.0
2011,A,0,Year-end value for installed capacity (watts) and mid-year for population,Renewable electricity generating capacity from IRENA's electricity capacity database. Population data from the United Nations World Population Prospects.,EG_EGY_RNEW,204,TRT_GEOTHERMAL,W_PER_CAPITA,2025-03-11T00:00:00,2023,0.0
2012,A,0,Year-end value for installed capacity (watts) and mid-year for population,Renewable electricity generating capacity from IRENA's electricity capacity database. Population data from the United Nations World Population Prospects.,EG_EGY_RNEW,204,TRT_GEOTHERMAL,W_PER_CAPITA,2025-03-11T00:00:00,2023,0.0
2013,A,0,Year-end value for installed capacity (watts) and mid-year for population,Renewable electricity generating capacity from IRENA's electricity capacity database. Population data from the United Nations World Population Prospects.,EG_EGY_RNEW,204,TRT_GEOTHERMAL,W_PER_CAPITA,2025-03-11T00:00:00,2023,0.0
2014,A,0,Year-end value for installed capacity (watts) and mid-year for population,Renewable electricity generating capacity from IRENA's electricity capacity database. Population data from the United Nations World Population Prospects.,EG_EGY_RNEW,204,TRT_GEOTHERMAL,W_PER_CAPITA,2025-03-11T00:00:00,2023,0.0
2015,A,0,Year-end value for installed capacity (watts) and mid-year for population,Renewable electricity generating capacity from IRENA's electricity capacity database. Population data from the United Nations World Population Prospects.,EG_EGY_RNEW,204,TRT_GEOTHERMAL,W_PER_CAPITA,2025-03-11T00:00:00,2023,0.0
2016,A,0,Year-end value for installed capacity (watts) and mid-year for population,Renewable electricity generating capacity from IRENA's electricity capacity database. Population data from the United Nations World Population Prospects.,EG_EGY_RNEW,204,TRT_GEOTHERMAL,W_PER_CAPITA,2025-03-11T00:00:00,2023,0.0
2017,A,0,Year-end value for installed capacity (watts) and mid-year for population,Renewable electricity generating capacity from IRENA's electricity capacity database. Population data from the United Nations World Population Prospects.,EG_EGY_RNEW,204,TRT_GEOTHERMAL,W_PER_CAPITA,2025-03-11T00:00:00,2023,0.0
2018,A,0,Year-end value for installed capacity (watts) and mid-year for population,Renewable electricity generating capacity from IRENA's electricity capacity database. Population data from the United Nations World Population Prospects.,EG_EGY_RNEW,204,TRT_GEOTHERMAL,W_PER_CAPITA,2025-03-11T00:00:00,2023,0.0
2019,A,0,Year-end value for installed capacity (watts) and mid-year for population,Renewable electricity generating capacity from IRENA's electricity capacity database. Population data from the United Nations World Population Prospects.,EG_EGY_RNEW,204,TRT_GEOTHERMAL,W_PER_CAPITA,2025-03-11T00:00:00,2023,0.0
2020,A,0,Year-end value for installed capacity (watts) and mid-year for population,Renewable electricity generating capacity from IRENA's electricity capacity database. Population data from the United Nations World Population Prospects.,EG_EGY_RNEW,204,TRT_GEOTHERMAL,W_PER_CAPITA,2025-03-11T00:00:00,2023,0.0
2021,A,0,Year-end value for installed capacity (watts) and mid-year for population,Renewable electricity generating capacity from IRENA's electricity capacity database. Population data from the United Nations World Population Prospects.,EG_EGY_RNEW,204,TRT_GEOTHERMAL,W_PER_CAPITA,2025-03-11T00:00:00,2023,0.0
2022,A,0,Year-end value for installed capacity (watts) and mid-year for population,Renewable electricity generating capacity from IRENA's electricity capacity database. Population data from the United Nations World Population Prospects.,EG_EGY_RNEW,204,TRT_GEOTHERMAL,W_PER_CAPITA,2025-03-11T00:00:00,2023,0.0
2023,A,0,Year-end value for installed capacity (watts) and mid-year for population,Renewable electricity generating capacity from IRENA's electricity capacity database. Population data from the United Nations World Population Prospects.,EG_EGY_RNEW,204,TRT_GEOTHERMAL,W_PER_CAPITA,2025-03-11T00:00:00,2023,0.0
2000,A,0,Year-end value for installed capacity (watts) and mid-year for population,Renewable electricity generating capacity from IRENA's electricity capacity database. Population data from the United Nations World Population Prospects.,EG_EGY_RNEW,204,TRT_HYDROPOWER,W_PER_CAPITA,2025-03-11T00:00:00,2023,0.06924
2001,A,0,Year-end value for installed capacity (watts) and mid-year for population,Renewable electricity generating capacity from IRENA's electricity capacity database. Population data from the United Nations World Population Prospects.,EG_EGY_RNEW,204,TRT_HYDROPOWER,W_PER_CAPITA,2025-03-11T00:00:00,2023,0.06715
2002,A,0,Year-end value for installed capacity (watts) and mid-year for population,Renewable electricity generating capacity from IRENA's electricity capacity database. Population data from the United Nations World Population Prospects.,EG_EGY_RNEW,204,TRT_HYDROPOWER,W_PER_CAPITA,2025-03-11T00:00:00,2023,0.06514
2003,A,0,Year-end value for installed capacity (watts) and mid-year for population,Renewable electricity generating capacity from IRENA's electricity capacity database. Population data from the United Nations World Population Prospects.,EG_EGY_RNEW,204,TRT_HYDROPOWER,W_PER_CAPITA,2025-03-11T00:00:00,2023,0.06319
2004,A,0,Year-end value for installed capacity (watts) and mid-year for population,Renewable electricity generating capacity from IRENA's electricity capacity database. Population data from the United Nations World Population Prospects.,EG_EGY_RNEW,204,TRT_HYDROPOWER,W_PER_CAPITA,2025-03-11T00:00:00,2023,0.06128
2005,A,0,Year-end value for installed capacity (watts) and mid-year for population,Renewable electricity generating capacity from IRENA's electricity capacity database. Population data from the United Nations World Population Prospects.,EG_EGY_RNEW,204,TRT_HYDROPOWER,W_PER_CAPITA,2025-03-11T00:00:00,2023,0.05934
2006,A,0,Year-end value for installed capacity (watts) and mid-year for population,Renewable electricity generating capacity from IRENA's electricity capacity database. Population data from the United Nations World Population Prospects.,EG_EGY_RNEW,204,TRT_HYDROPOWER,W_PER_CAPITA,2025-03-11T00:00:00,2023,0.05752
2007,A,0,Year-end value for installed capacity (watts) and mid-year for population,Renewable electricity generating capacity from IRENA's electricity capacity database. Population data from the United Nations World Population Prospects.,EG_EGY_RNEW,204,TRT_HYDROPOWER,W_PER_CAPITA,2025-03-11T00:00:00,2023,0.05584
2008,A,0,Year-end value for installed capacity (watts) and mid-year for population,Renewable electricity generating capacity from IRENA's electricity capacity database. Population data from the United Nations World Population Prospects.,EG_EGY_RNEW,204,TRT_HYDROPOWER,W_PER_CAPITA,2025-03-11T00:00:00,2023,0.05418
2009,A,0,Year-end value for installed capacity (watts) and mid-year for population,Renewable electricity generating capacity from IRENA's electricity capacity database. Population data from the United Nations World Population Prospects.,EG_EGY_RNEW,204,TRT_HYDROPOWER,W_PER_CAPITA,2025-03-11T00:00:00,2023,0.05258
2010,A,0,Year-end value for installed capacity (watts) and mid-year for population,Renewable electricity generating capacity from IRENA's electricity capacity database. Population data from the United Nations World Population Prospects.,EG_EGY_RNEW,204,TRT_HYDROPOWER,W_PER_CAPITA,2025-03-11T00:00:00,2023,0.05103
2011,A,0,Year-end value for installed capacity (watts) and mid-year for population,Renewable electricity generating capacity from IRENA's electricity capacity database. Population data from the United Nations World Population Prospects.,EG_EGY_RNEW,204,TRT_HYDROPOWER,W_PER_CAPITA,2025-03-11T00:00:00,2023,0.04954
2012,A,0,Year-end value for installed capacity (watts) and mid-year for population,Renewable electricity generating capacity from IRENA's electricity capacity database. Population data from the United Nations World Population Prospects.,EG_EGY_RNEW,204,TRT_HYDROPOWER,W_PER_CAPITA,2025-03-11T00:00:00,2023,0.04809
2013,A,0,Year-end value for installed capacity (watts) and mid-year for population,Renewable electricity generating capacity from IRENA's electricity capacity database. Population data from the United Nations World Population Prospects.,EG_EGY_RNEW,204,TRT_HYDROPOWER,W_PER_CAPITA,2025-03-11T00:00:00,2023,0.04669
2014,A,0,Year-end value for installed capacity (watts) and mid-year for population,Renewable electricity generating capacity from IRENA's electricity capacity database. Population data from the United Nations World Population Prospects.,EG_EGY_RNEW,204,TRT_HYDROPOWER,W_PER_CAPITA,2025-03-11T00:00:00,2023,0.04533
2015,A,0,Year-end value for installed capacity (watts) and mid-year for population,Renewable electricity generating capacity from IRENA's electricity capacity database. Population data from the United Nations World Population Prospects.,EG_EGY_RNEW,204,TRT_HYDROPOWER,W_PER_CAPITA,2025-03-11T00:00:00,2023,0.04401
2016,A,0,Year-end value for installed capacity (watts) and mid-year for population,Renewable electricity generating capacity from IRENA's electricity capacity database. Population data from the United Nations World Population Prospects.,EG_EGY_RNEW,204,TRT_HYDROPOWER,W_PER_CAPITA,2025-03-11T00:00:00,2023,0.04274
2017,A,0,Year-end value for installed capacity (watts) and mid-year for population,Renewable electricity generating capacity from IRENA's electricity capacity database. Population data from the United Nations World Population Prospects.,EG_EGY_RNEW,204,TRT_HYDROPOWER,W_PER_CAPITA,2025-03-11T00:00:00,2023,0.04153
2018,A,0,Year-end value for installed capacity (watts) and mid-year for population,Renewable electricity generating capacity from IRENA's electricity capacity database. Population data from the United Nations World Population Prospects.,EG_EGY_RNEW,204,TRT_HYDROPOWER,W_PER_CAPITA,2025-03-11T00:00:00,2023,0.04038
2019,A,0,Year-end value for installed capacity (watts) and mid-year for population,Renewable electricity generating capacity from IRENA's electricity capacity database. Population data from the United Nations World Population Prospects.,EG_EGY_RNEW,204,TRT_HYDROPOWER,W_PER_CAPITA,2025-03-11T00:00:00,2023,0.03929
2020,A,0,Year-end value for installed capacity (watts) and mid-year for population,Renewable electricity generating capacity from IRENA's electricity capacity database. Population data from the United Nations World Population Prospects.,EG_EGY_RNEW,204,TRT_HYDROPOWER,W_PER_CAPITA,2025-03-11T00:00:00,2023,0.03826
2021,A,0,Year-end value for installed capacity (watts) and mid-year for population,Renewable electricity generating capacity from IRENA's electricity capacity database. Population data from the United Nations World Population Prospects.,EG_EGY_RNEW,204,TRT_HYDROPOWER,W_PER_CAPITA,2025-03-11T00:00:00,2023,0.03728
2022,A,0,Year-end value for installed capacity (watts) and mid-year for population,Renewable electricity generating capacity from IRENA's electricity capacity database. Population data from the United Nations World Population Prospects.,EG_EGY_RNEW,204,TRT_HYDROPOWER,W_PER_CAPITA,2025-03-11T00:00:00,2023,0.03634
2023,A,0,Year-end value for installed capacity (watts) and mid-year for population,Renewable electricity generating capacity from IRENA's electricity capacity database. Population data from the United Nations World Population Prospects.,EG_EGY_RNEW,204,TRT_HYDROPOWER,W_PER_CAPITA,2025-03-11T00:00:00,2023,0.03543
2000,A,0,Year-end value for installed capacity (watts) and mid-year for population,Renewable electricity generating capacity from IRENA's electricity capacity database. Population data from the United Nations World Population Prospects.,EG_EGY_RNEW,204,TRT_MARINE,W_PER_CAPITA,2025-03-11T00:00:00,2023,0.0
2001,A,0,Year-end value for installed capacity (watts) and mid-year for population,Renewable electricity generating capacity from IRENA's electricity capacity database. Population data from the United Nations World Population Prospects.,EG_EGY_RNEW,204,TRT_MARINE,W_PER_CAPITA,2025-03-11T00:00:00,2023,0.0
2002,A,0,Year-end value for installed capacity (watts) and mid-year for population,Renewable electricity generating capacity from IRENA's electricity capacity database. Population data from the United Nations World Population Prospects.,EG_EGY_RNEW,204,TRT_MARINE,W_PER_CAPITA,2025-03-11T00:00:00,2023,0.0
2003,A,0,Year-end value for installed capacity (watts) and mid-year for population,Renewable electricity generating capacity from IRENA's electricity capacity database. Population data from the United Nations World Population Prospects.,EG_EGY_RNEW,204,TRT_MARINE,W_PER_CAPITA,2025-03-11T00:00:00,2023,0.0
2004,A,0,Year-end value for installed capacity (watts) and mid-year for population,Renewable electricity generating capacity from IRENA's electricity capacity database. Population data from the United Nations World Population Prospects.,EG_EGY_RNEW,204,TRT_MARINE,W_PER_CAPITA,2025-03-11T00:00:00,2023,0.0
2005,A,0,Year-end value for installed capacity (watts) and mid-year for population,Renewable electricity generating capacity from IRENA's electricity capacity database. Population data from the United Nations World Population Prospects.,EG_EGY_RNEW,204,TRT_MARINE,W_PER_CAPITA,2025-03-11T00:00:00,2023,0.0
2006,A,0,Year-end value for installed capacity (watts) and mid-year for population,Renewable electricity generating capacity from IRENA's electricity capacity database. Population data from the United Nations World Population Prospects.,EG_EGY_RNEW,204,TRT_MARINE,W_PER_CAPITA,2025-03-11T00:00:00,2023,0.0
2007,A,0,Year-end value for installed capacity (watts) and mid-year for population,Renewable electricity generating capacity from IRENA's electricity capacity database. Population data from the United Nations World Population Prospects.,EG_EGY_RNEW,204,TRT_MARINE,W_PER_CAPITA,2025-03-11T00:00:00,2023,0.0
2008,A,0,Year-end value for installed capacity (watts) and mid-year for population,Renewable electricity generating capacity from IRENA's electricity capacity database. Population data from the United Nations World Population Prospects.,EG_EGY_RNEW,204,TRT_MARINE,W_PER_CAPITA,2025-03-11T00:00:00,2023,0.0
2009,A,0,Year-end value for installed capacity (watts) and mid-year for population,Renewable electricity generating capacity from IRENA's electricity capacity database. Population data from the United Nations World Population Prospects.,EG_EGY_RNEW,204,TRT_MARINE,W_PER_CAPITA,2025-03-11T00:00:00,2023,0.0
2010,A,0,Year-end value for installed capacity (watts) and mid-year for population,Renewable electricity generating capacity from IRENA's electricity capacity database. Population data from the United Nations World Population Prospects.,EG_EGY_RNEW,204,TRT_MARINE,W_PER_CAPITA,2025-03-11T00:00:00,2023,0.0
2011,A,0,Year-end value for installed capacity (watts) and mid-year for population,Renewable electricity generating capacity from IRENA's electricity capacity database. Population data from the United Nations World Population Prospects.,EG_EGY_RNEW,204,TRT_MARINE,W_PER_CAPITA,2025-03-11T00:00:00,2023,0.0
2012,A,0,Year-end value for installed capacity (watts) and mid-year for population,Renewable electricity generating capacity from IRENA's electricity capacity database. Population data from the United Nations World Population Prospects.,EG_EGY_RNEW,204,TRT_MARINE,W_PER_CAPITA,2025-03-11T00:00:00,2023,0.0
2013,A,0,Year-end value for installed capacity (watts) and mid-year for population,Renewable electricity generating capacity from IRENA's electricity capacity database. Population data from the United Nations World Population Prospects.,EG_EGY_RNEW,204,TRT_MARINE,W_PER_CAPITA,2025-03-11T00:00:00,2023,0.0
2014,A,0,Year-end value for installed capacity (watts) and mid-year for population,Renewable electricity generating capacity from IRENA's electricity capacity database. Population data from the United Nations World Population Prospects.,EG_EGY_RNEW,204,TRT_MARINE,W_PER_CAPITA,2025-03-11T00:00:00,2023,0.0
2015,A,0,Year-end value for installed capacity (watts) and mid-year for population,Renewable electricity generating capacity from IRENA's electricity capacity database. Population data from the United Nations World Population Prospects.,EG_EGY_RNEW,204,TRT_MARINE,W_PER_CAPITA,2025-03-11T00:00:00,2023,0.0
2016,A,0,Year-end value for installed capacity (watts) and mid-year for population,Renewable electricity generating capacity from IRENA's electricity capacity database. Population data from the United Nations World Population Prospects.,EG_EGY_RNEW,204,TRT_MARINE,W_PER_CAPITA,2025-03-11T00:00:00,2023,0.0
2017,A,0,Year-end value for installed capacity (watts) and mid-year for population,Renewable electricity generating capacity from IRENA's electricity capacity database. Population data from the United Nations World Population Prospects.,EG_EGY_RNEW,204,TRT_MARINE,W_PER_CAPITA,2025-03-11T00:00:00,2023,0.0
2018,A,0,Year-end value for installed capacity (watts) and mid-year for population,Renewable electricity generating capacity from IRENA's electricity capacity database. Population data from the United Nations World Population Prospects.,EG_EGY_RNEW,204,TRT_MARINE,W_PER_CAPITA,2025-03-11T00:00:00,2023,0.0
2019,A,0,Year-end value for installed capacity (watts) and mid-year for population,Renewable electricity generating capacity from IRENA's electricity capacity database. Population data from the United Nations World Population Prospects.,EG_EGY_RNEW,204,TRT_MARINE,W_PER_CAPITA,2025-03-11T00:00:00,2023,0.0
2020,A,0,Year-end value for installed capacity (watts) and mid-year for population,Renewable electricity generating capacity from IRENA's electricity capacity database. Population data from the United Nations World Population Prospects.,EG_EGY_RNEW,204,TRT_MARINE,W_PER_CAPITA,2025-03-11T00:00:00,2023,0.0
2021,A,0,Year-end value for installed capacity (watts) and mid-year for population,Renewable electricity generating capacity from IRENA's electricity capacity database. Population data from the United Nations World Population Prospects.,EG_EGY_RNEW,204,TRT_MARINE,W_PER_CAPITA,2025-03-11T00:00:00,2023,0.0
2022,A,0,Year-end value for installed capacity (watts) and mid-year for population,Renewable electricity generating capacity from IRENA's electricity capacity database. Population data from the United Nations World Population Prospects.,EG_EGY_RNEW,204,TRT_MARINE,W_PER_CAPITA,2025-03-11T00:00:00,2023,0.0
2023,A,0,Year-end value for installed capacity (watts) and mid-year for population,Renewable electricity generating capacity from IRENA's electricity capacity database. Population data from the United Nations World Population Prospects.,EG_EGY_RNEW,204,TRT_MARINE,W_PER_CAPITA,2025-03-11T00:00:00,2023,0.0
2000,A,0,Year-end value for installed capacity (watts) and mid-year for population,Renewable electricity generating capacity from IRENA's electricity capacity database. Population data from the United Nations World Population Prospects.,EG_EGY_RNEW,204,TRT_SOLAR,W_PER_CAPITA,2025-03-11T00:00:00,2023,0.0
2001,A,0,Year-end value for installed capacity (watts) and mid-year for population,Renewable electricity generating capacity from IRENA's electricity capacity database. Population data from the United Nations World Population Prospects.,EG_EGY_RNEW,204,TRT_SOLAR,W_PER_CAPITA,2025-03-11T00:00:00,2023,0.0
2002,A,0,Year-end value for installed capacity (watts) and mid-year for population,Renewable electricity generating capacity from IRENA's electricity capacity database. Population data from the United Nations World Population Prospects.,EG_EGY_RNEW,204,TRT_SOLAR,W_PER_CAPITA,2025-03-11T00:00:00,2023,0.0
2003,A,0,Year-end value for installed capacity (watts) and mid-year for population,Renewable electricity generating capacity from IRENA's electricity capacity database. Population data from the United Nations World Population Prospects.,EG_EGY_RNEW,204,TRT_SOLAR,W_PER_CAPITA,2025-03-11T00:00:00,2023,0.0
2004,A,0,Year-end value for installed capacity (watts) and mid-year for population,Renewable electricity generating capacity from IRENA's electricity capacity database. Population data from the United Nations World Population Prospects.,EG_EGY_RNEW,204,TRT_SOLAR,W_PER_CAPITA,2025-03-11T00:00:00,2023,0.0
2005,A,0,Year-end value for installed capacity (watts) and mid-year for population,Renewable electricity generating capacity from IRENA's electricity capacity database. Population data from the United Nations World Population Prospects.,EG_EGY_RNEW,204,TRT_SOLAR,W_PER_CAPITA,2025-03-11T00:00:00,2023,0.0
2006,A,0,Year-end value for installed capacity (watts) and mid-year for population,Renewable electricity generating capacity from IRENA's electricity capacity database. Population data from the United Nations World Population Prospects.,EG_EGY_RNEW,204,TRT_SOLAR,W_PER_CAPITA,2025-03-11T00:00:00,2023,0.0
2007,A,0,Year-end value for installed capacity (watts) and mid-year for population,Renewable electricity generating capacity from IRENA's electricity capacity database. Population data from the United Nations World Population Prospects.,EG_EGY_RNEW,204,TRT_SOLAR,W_PER_CAPITA,2025-03-11T00:00:00,2023,0.0
2008,A,0,Year-end value for installed capacity (watts) and mid-year for population,Renewable electricity generating capacity from IRENA's electricity capacity database. Population data from the United Nations World Population Prospects.,EG_EGY_RNEW,204,TRT_SOLAR,W_PER_CAPITA,2025-03-11T00:00:00,2023,0.0
2009,A,0,Year-end value for installed capacity (watts) and mid-year for population,Renewable electricity generating capacity from IRENA's electricity capacity database. Population data from the United Nations World Population Prospects.,EG_EGY_RNEW,204,TRT_SOLAR,W_PER_CAPITA,2025-03-11T00:00:00,2023,0.0
2010,A,0,Year-end value for installed capacity (watts) and mid-year for population,Renewable electricity generating capacity from IRENA's electricity capacity database. Population data from the United Nations World Population Prospects.,EG_EGY_RNEW,204,TRT_SOLAR,W_PER_CAPITA,2025-03-11T00:00:00,2023,0.0
2011,A,0,Year-end value for installed capacity (watts) and mid-year for population,Renewable electricity generating capacity from IRENA's electricity capacity database. Population data from the United Nations World Population Prospects.,EG_EGY_RNEW,204,TRT_SOLAR,W_PER_CAPITA,2025-03-11T00:00:00,2023,0.0
2012,A,0,Year-end value for installed capacity (watts) and mid-year for population,Renewable electricity generating capacity from IRENA's electricity capacity database. Population data from the United Nations World Population Prospects.,EG_EGY_RNEW,204,TRT_SOLAR,W_PER_CAPITA,2025-03-11T00:00:00,2023,0.0
2013,A,0,Year-end value for installed capacity (watts) and mid-year for population,Renewable electricity generating capacity from IRENA's electricity capacity database. Population data from the United Nations World Population Prospects.,EG_EGY_RNEW,204,TRT_SOLAR,W_PER_CAPITA,2025-03-11T00:00:00,2023,0.0
2014,A,0,Year-end value for installed capacity (watts) and mid-year for population,Renewable electricity generating capacity from IRENA's electricity capacity database. Population data from the United Nations World Population Prospects.,EG_EGY_RNEW,204,TRT_SOLAR,W_PER_CAPITA,2025-03-11T00:00:00,2023,0.02267
2015,A,0,Year-end value for installed capacity (watts) and mid-year for population,Renewable electricity generating capacity from IRENA's electricity capacity database. Population data from the United Nations World Population Prospects.,EG_EGY_RNEW,204,TRT_SOLAR,W_PER_CAPITA,2025-03-11T00:00:00,2023,0.1264
2016,A,0,Year-end value for installed capacity (watts) and mid-year for population,Renewable electricity generating capacity from IRENA's electricity capacity database. Population data from the United Nations World Population Prospects.,EG_EGY_RNEW,204,TRT_SOLAR,W_PER_CAPITA,2025-03-11T00:00:00,2023,0.18764
2017,A,0,Year-end value for installed capacity (watts) and mid-year for population,Renewable electricity generating capacity from IRENA's electricity capacity database. Population data from the United Nations World Population Prospects.,EG_EGY_RNEW,204,TRT_SOLAR,W_PER_CAPITA,2025-03-11T00:00:00,2023,0.20233
2018,A,0,Year-end value for installed capacity (watts) and mid-year for population,Renewable electricity generating capacity from IRENA's electricity capacity database. Population data from the United Nations World Population Prospects.,EG_EGY_RNEW,204,TRT_SOLAR,W_PER_CAPITA,2025-03-11T00:00:00,2023,0.20875
2019,A,0,Year-end value for installed capacity (watts) and mid-year for population,Renewable electricity generating capacity from IRENA's electricity capacity database. Population data from the United Nations World Population Prospects.,EG_EGY_RNEW,204,TRT_SOLAR,W_PER_CAPITA,2025-03-11T00:00:00,2023,0.29906
2020,A,0,Year-end value for installed capacity (watts) and mid-year for population,Renewable electricity generating capacity from IRENA's electricity capacity database. Population data from the United Nations World Population Prospects.,EG_EGY_RNEW,204,TRT_SOLAR,W_PER_CAPITA,2025-03-11T00:00:00,2023,0.37084
2021,A,0,Year-end value for installed capacity (watts) and mid-year for population,Renewable electricity generating capacity from IRENA's electricity capacity database. Population data from the United Nations World Population Prospects.,EG_EGY_RNEW,204,TRT_SOLAR,W_PER_CAPITA,2025-03-11T00:00:00,2023,0.44851
2022,A,0,Year-end value for installed capacity (watts) and mid-year for population,Renewable electricity generating capacity from IRENA's electricity capacity database. Population data from the United Nations World Population Prospects.,EG_EGY_RNEW,204,TRT_SOLAR,W_PER_CAPITA,2025-03-11T00:00:00,2023,2.42611
2023,A,0,Year-end value for installed capacity (watts) and mid-year for population,Renewable electricity generating capacity from IRENA's electricity capacity database. Population data from the United Nations World Population Prospects.,EG_EGY_RNEW,204,TRT_SOLAR,W_PER_CAPITA,2025-03-11T00:00:00,2023,2.36567
2000,A,0,Year-end value for installed capacity (watts) and mid-year for population,Renewable electricity generating capacity from IRENA's electricity capacity database. Population data from the United Nations World Population Prospects.,EG_EGY_RNEW,204,TRT_WIND,W_PER_CAPITA,2025-03-11T00:00:00,2023,0.0
2001,A,0,Year-end value for installed capacity (watts) and mid-year for population,Renewable electricity generating capacity from IRENA's electricity capacity database. Population data from the United Nations World Population Prospects.,EG_EGY_RNEW,204,TRT_WIND,W_PER_CAPITA,2025-03-11T00:00:00,2023,0.0
2002,A,0,Year-end value for installed capacity (watts) and mid-year for population,Renewable electricity generating capacity from IRENA's electricity capacity database. Population data from the United Nations World Population Prospects.,EG_EGY_RNEW,204,TRT_WIND,W_PER_CAPITA,2025-03-11T00:00:00,2023,0.0
2003,A,0,Year-end value for installed capacity (watts) and mid-year for population,Renewable electricity generating capacity from IRENA's electricity capacity database. Population data from the United Nations World Population Prospects.,EG_EGY_RNEW,204,TRT_WIND,W_PER_CAPITA,2025-03-11T00:00:00,2023,0.0
2004,A,0,Year-end value for installed capacity (watts) and mid-year for population,Renewable electricity generating capacity from IRENA's electricity capacity database. Population data from the United Nations World Population Prospects.,EG_EGY_RNEW,204,TRT_WIND,W_PER_CAPITA,2025-03-11T00:00:00,2023,0.0
2005,A,0,Year-end value for installed capacity (watts) and mid-year for population,Renewable electricity generating capacity from IRENA's electricity capacity database. Population data from the United Nations World Population Prospects.,EG_EGY_RNEW,204,TRT_WIND,W_PER_CAPITA,2025-03-11T00:00:00,2023,0.0
2006,A,0,Year-end value for installed capacity (watts) and mid-year for population,Renewable electricity generating capacity from IRENA's electricity capacity database. Population data from the United Nations World Population Prospects.,EG_EGY_RNEW,204,TRT_WIND,W_PER_CAPITA,2025-03-11T00:00:00,2023,0.0
2007,A,0,Year-end value for installed capacity (watts) and mid-year for population,Renewable electricity generating capacity from IRENA's electricity capacity database. Population data from the United Nations World Population Prospects.,EG_EGY_RNEW,204,TRT_WIND,W_PER_CAPITA,2025-03-11T00:00:00,2023,0.0
2008,A,0,Year-end value for installed capacity (watts) and mid-year for population,Renewable electricity generating capacity from IRENA's electricity capacity database. Population data from the United Nations World Population Prospects.,EG_EGY_RNEW,204,TRT_WIND,W_PER_CAPITA,2025-03-11T00:00:00,2023,0.0
2009,A,0,Year-end value for installed capacity (watts) and mid-year for population,Renewable electricity generating capacity from IRENA's electricity capacity database. Population data from the United Nations World Population Prospects.,EG_EGY_RNEW,204,TRT_WIND,W_PER_CAPITA,2025-03-11T00:00:00,2023,0.0
2010,A,0,Year-end value for installed capacity (watts) and mid-year for population,Renewable electricity generating capacity from IRENA's electricity capacity database. Population data from the United Nations World Population Prospects.,EG_EGY_RNEW,204,TRT_WIND,W_PER_CAPITA,2025-03-11T00:00:00,2023,0.0
2011,A,0,Year-end value for installed capacity (watts) and mid-year for population,Renewable electricity generating capacity from IRENA's electricity capacity database. Population data from the United Nations World Population Prospects.,EG_EGY_RNEW,204,TRT_WIND,W_PER_CAPITA,2025-03-11T00:00:00,2023,0.0
2012,A,0,Year-end value for installed capacity (watts) and mid-year for population,Renewable electricity generating capacity from IRENA's electricity capacity database. Population data from the United Nations World Population Prospects.,EG_EGY_RNEW,204,TRT_WIND,W_PER_CAPITA,2025-03-11T00:00:00,2023,0.0
2013,A,0,Year-end value for installed capacity (watts) and mid-year for population,Renewable electricity generating capacity from IRENA's electricity capacity database. Population data from the United Nations World Population Prospects.,EG_EGY_RNEW,204,TRT_WIND,W_PER_CAPITA,2025-03-11T00:00:00,2023,0.0
2014,A,0,Year-end value for installed capacity (watts) and mid-year for population,Renewable electricity generating capacity from IRENA's electricity capacity database. Population data from the United Nations World Population Prospects.,EG_EGY_RNEW,204,TRT_WIND,W_PER_CAPITA,2025-03-11T00:00:00,2023,0.0
2015,A,0,Year-end value for installed capacity (watts) and mid-year for population,Renewable electricity generating capacity from IRENA's electricity capacity database. Population data from the United Nations World Population Prospects.,EG_EGY_RNEW,204,TRT_WIND,W_PER_CAPITA,2025-03-11T00:00:00,2023,0.0
2016,A,0,Year-end value for installed capacity (watts) and mid-year for population,Renewable electricity generating capacity from IRENA's electricity capacity database. Population data from the United Nations World Population Prospects.,EG_EGY_RNEW,204,TRT_WIND,W_PER_CAPITA,2025-03-11T00:00:00,2023,0.0
2017,A,0,Year-end value for installed capacity (watts) and mid-year for population,Renewable electricity generating capacity from IRENA's electricity capacity database. Population data from the United Nations World Population Prospects.,EG_EGY_RNEW,204,TRT_WIND,W_PER_CAPITA,2025-03-11T00:00:00,2023,0.0
2018,A,0,Year-end value for installed capacity (watts) and mid-year for population,Renewable electricity generating capacity from IRENA's electricity capacity database. Population data from the United Nations World Population Prospects.,EG_EGY_RNEW,204,TRT_WIND,W_PER_CAPITA,2025-03-11T00:00:00,2023,0.0
2019,A,0,Year-end value for installed capacity (watts) and mid-year for population,Renewable electricity generating capacity from IRENA's electricity capacity database. Population data from the United Nations World Population Prospects.,EG_EGY_RNEW,204,TRT_WIND,W_PER_CAPITA,2025-03-11T00:00:00,2023,0.0
2020,A,0,Year-end value for installed capacity (watts) and mid-year for population,Renewable electricity generating capacity from IRENA's electricity capacity database. Population data from the United Nations World Population Prospects.,EG_EGY_RNEW,204,TRT_WIND,W_PER_CAPITA,2025-03-11T00:00:00,2023,0.0
2021,A,0,Year-end value for installed capacity (watts) and mid-year for population,Renewable electricity generating capacity from IRENA's electricity capacity database. Population data from the United Nations World Population Prospects.,EG_EGY_RNEW,204,TRT_WIND,W_PER_CAPITA,2025-03-11T00:00:00,2023,0.0
2022,A,0,Year-end value for installed capacity (watts) and mid-year for population,Renewable electricity generating capacity from IRENA's electricity capacity database. Population data from the United Nations World Population Prospects.,EG_EGY_RNEW,204,TRT_WIND,W_PER_CAPITA,2025-03-11T00:00:00,2023,0.0
2023,A,0,Year-end value for installed capacity (watts) and mid-year for population,Renewable electricity generating capacity from IRENA's electricity capacity database. Population data from the United Nations World Population Prospects.,EG_EGY_RNEW,204,TRT_WIND,W_PER_CAPITA,2025-03-11T00:00:00,2023,0.0
